language,mcq_accuracy,cot_cosine,cot_bertscore
Mauwake,0.84,0.6882062518596649,0.9095882737636566
Kalamang,0.8,0.5832802873849868,0.8919742965698242
Moloko,0.8,0.6061360913515091,0.8881726551055908
